{
  "timestamp": "2026-01-11T16:47:26.322457Z",
  "target_id": "TRK001",
  "pan_deg": 0.0,
  "tilt_deg": 5.71059313749828,
  "search_radius_deg": 1.1401910000789708,
  "search_pattern": [
    [
      0.0,
      5.71059313749828
    ],
    [
      0.0,
      5.71059313749828
    ],
    [
      0.04735636350586855,
      5.747452074716325
    ],
    [
      0.02946319400925697,
      5.826940659466509
    ],
    [
      359.9276827092691,
      5.875459954103197
    ],
    [
      359.78889093559343,
      5.824839649930263
    ],
    [
      359.7040420313248,
      5.661206487366759
    ],
    [
      359.7561377834252,
      5.4456881538690975
    ],
    [
      359.96531086392105,
      5.291957522329265
    ],
    [
      0.2625791020635624,
      5.30868590209502
    ],
    [
      0.5108268821241696,
      5.535226047358364
    ],
    [
      0.5675854245824108,
      5.905445459875963
    ],
    [
      0.36104626533739853,
      6.263215586177762
    ],
    [
      359.94053290957896,
      6.428254192073734
    ],
    [
      359.47163186408784,
      6.284553935361507
    ],
    [
      359.1713176877093,
      5.848875757866538
    ],
    [
      359.20834100847526,
      5.282168715878344
    ],
    [
      359.61430778276866,
      4.831303448938721
    ],
    [
      0.25043714907868353,
      4.721639200768324
    ],
    [
      0.8524145431056336,
      5.047132267573474
    ],
    [
      1.1401910000789708,
      5.710593137498279
    ]
  ],
  "radar_azimuth_deg": 0.0,
  "radar_elevation_deg": 5.71059313749828,
  "radar_range_m": 1004.9875621123282,
  "slew_to_cue_active": true
}