{
  "timestamp": "2026-01-11T16:47:26.322626Z",
  "target_id": "TRK002",
  "pan_deg": 90.0,
  "tilt_deg": 5.710593137523152,
  "search_radius_deg": 2.2801562793662637,
  "search_pattern": [
    [
      90.0,
      5.710593137523152
    ],
    [
      90.0,
      5.710593137523152
    ],
    [
      90.09470335198961,
      5.784303715086622
    ],
    [
      90.05892055526289,
      5.943265148428509
    ],
    [
      89.8553797350134,
      6.040294132457151
    ],
    [
      89.57782366392604,
      5.939063545287675
    ],
    [
      89.40814265271642,
      5.611829614213065
    ],
    [
      89.51232384365005,
      5.180835612849076
    ],
    [
      89.93062859516459,
      4.873404783442235
    ],
    [
      90.52510622199186,
      4.906858231297786
    ],
    [
      91.02155263711417,
      5.359893674232333
    ],
    [
      91.1350584856824,
      6.1002592078462845
    ],
    [
      90.72202105523881,
      6.815728633583031
    ],
    [
      89.88107759171072,
      7.145773173090438
    ],
    [
      88.94336832790846,
      6.858401107650321
    ],
    [
      88.34279942760597,
      5.987131002791399
    ],
    [
      88.41683873972268,
      4.85382910840619
    ],
    [
      89.22869192007144,
      3.95218783120849
    ],
    [
      90.5008247197345,
      3.7328810448276184
    ],
    [
      91.70466033581287,
      4.383802741380689
    ],
    [
      92.28015627936627,
      5.710593137523151
    ]
  ],
  "radar_azimuth_deg": 90.0,
  "radar_elevation_deg": 5.710593137523152,
  "radar_range_m": 502.4937810539827,
  "slew_to_cue_active": true
}